scenario,step,phase,method,qname,seconds
insertion_only,0,init_base,,,2.2923
insertion_only,0,analyze,,,0.0004
insertion_only,0,init_method,logical_views,,0.0838
insertion_only,0,init_method,ivm,,0.0695
insertion_only,0,init_method,crown,,0.1219
insertion_only,5,staging,,,4.3176
insertion_only,5,base_insert,,,2.0018
insertion_only,5,checkpoint,recompute,,0.1502
insertion_only,5,query,recompute,q1,0.1183
insertion_only,5,query,recompute,q2,0.0415
insertion_only,5,query,recompute,q3,0.0725
insertion_only,5,query,recompute,q4,0.0106
insertion_only,5,checkpoint,logical_views,,0.0495
insertion_only,5,query,logical_views,q1,0.0948
insertion_only,5,query,logical_views,q2,0.0431
insertion_only,5,query,logical_views,q3,0.0719
insertion_only,5,query,logical_views,q4,0.0087
insertion_only,5,checkpoint,ivm,,0.0526
insertion_only,5,maintain,ivm,,0.3056
insertion_only,5,query,ivm,q1,0.0561
insertion_only,5,query,ivm,q2,0.022
insertion_only,5,query,ivm,q3,0.0309
insertion_only,5,query,ivm,q4,0.0087
insertion_only,5,checkpoint,crown,,0.1511
insertion_only,5,maintain,crown,,0.1939
insertion_only,5,query,crown,q1,0.1126
insertion_only,5,query,crown,q2,0.0301
insertion_only,5,query,crown,q3,0.0484
insertion_only,5,query,crown,q4,0.0088
insertion_only,10,staging,,,4.2816
insertion_only,10,base_insert,,,3.4896
insertion_only,10,checkpoint,recompute,,0.3531
insertion_only,10,query,recompute,q1,0.139
insertion_only,10,query,recompute,q2,0.0546
insertion_only,10,query,recompute,q3,0.1189
insertion_only,10,query,recompute,q4,0.0101
insertion_only,10,checkpoint,logical_views,,0.0849
insertion_only,10,query,logical_views,q1,0.131
insertion_only,10,query,logical_views,q2,0.0614
insertion_only,10,query,logical_views,q3,0.0853
insertion_only,10,query,logical_views,q4,0.0093
insertion_only,10,checkpoint,ivm,,0.0855
insertion_only,10,maintain,ivm,,0.408
insertion_only,10,query,ivm,q1,0.098
insertion_only,10,query,ivm,q2,0.026
insertion_only,10,query,ivm,q3,0.053
insertion_only,10,query,ivm,q4,0.0106
insertion_only,10,checkpoint,crown,,0.2318
insertion_only,10,maintain,crown,,0.2464
insertion_only,10,query,crown,q1,0.107
insertion_only,10,query,crown,q2,0.0325
insertion_only,10,query,crown,q3,0.0726
insertion_only,10,query,crown,q4,0.0103
insertion_only,15,staging,,,4.3765
insertion_only,15,base_insert,,,3.1368
insertion_only,15,checkpoint,recompute,,0.3533
insertion_only,15,query,recompute,q1,0.1627
insertion_only,15,query,recompute,q2,0.0783
insertion_only,15,query,recompute,q3,0.1108
insertion_only,15,query,recompute,q4,0.0127
insertion_only,15,checkpoint,logical_views,,0.1245
insertion_only,15,query,logical_views,q1,0.1879
insertion_only,15,query,logical_views,q2,0.0573
insertion_only,15,query,logical_views,q3,0.1226
insertion_only,15,query,logical_views,q4,0.0164
insertion_only,15,checkpoint,ivm,,0.1052
insertion_only,15,maintain,ivm,,0.4474
insertion_only,15,query,ivm,q1,0.119
insertion_only,15,query,ivm,q2,0.0306
insertion_only,15,query,ivm,q3,0.086
insertion_only,15,query,ivm,q4,0.0107
insertion_only,15,checkpoint,crown,,0.3132
insertion_only,15,maintain,crown,,0.3033
insertion_only,15,query,crown,q1,0.1304
insertion_only,15,query,crown,q2,0.0401
insertion_only,15,query,crown,q3,0.0661
insertion_only,15,query,crown,q4,0.0102
insertion_only,20,staging,,,4.2938
insertion_only,20,base_insert,,,4.737
insertion_only,20,checkpoint,recompute,,0.447
insertion_only,20,query,recompute,q1,0.2431
insertion_only,20,query,recompute,q2,0.0697
insertion_only,20,query,recompute,q3,0.1274
insertion_only,20,query,recompute,q4,0.0126
insertion_only,20,checkpoint,logical_views,,0.1343
insertion_only,20,query,logical_views,q1,0.2018
insertion_only,20,query,logical_views,q2,0.0612
insertion_only,20,query,logical_views,q3,0.1115
insertion_only,20,query,logical_views,q4,0.0143
insertion_only,20,checkpoint,ivm,,0.1317
insertion_only,20,maintain,ivm,,0.4375
insertion_only,20,query,ivm,q1,0.1652
insertion_only,20,query,ivm,q2,0.0338
insertion_only,20,query,ivm,q3,0.0946
insertion_only,20,query,ivm,q4,0.0096
insertion_only,20,checkpoint,crown,,0.322
insertion_only,20,maintain,crown,,0.2741
insertion_only,20,query,crown,q1,0.2311
insertion_only,20,query,crown,q2,0.0408
insertion_only,20,query,crown,q3,0.112
insertion_only,20,query,crown,q4,0.01
insertion_only,25,staging,,,4.5766
insertion_only,25,base_insert,,,3.4065
insertion_only,25,checkpoint,recompute,,0.5343
insertion_only,25,query,recompute,q1,0.2709
insertion_only,25,query,recompute,q2,0.079
insertion_only,25,query,recompute,q3,0.1417
insertion_only,25,query,recompute,q4,0.0104
insertion_only,25,checkpoint,logical_views,,0.1485
insertion_only,25,query,logical_views,q1,0.265
insertion_only,25,query,logical_views,q2,0.0667
insertion_only,25,query,logical_views,q3,0.1476
insertion_only,25,query,logical_views,q4,0.011
insertion_only,25,checkpoint,ivm,,0.1545
insertion_only,25,maintain,ivm,,0.4906
insertion_only,25,query,ivm,q1,0.2267
insertion_only,25,query,ivm,q2,0.0436
insertion_only,25,query,ivm,q3,0.114
insertion_only,25,query,ivm,q4,0.0113
insertion_only,25,checkpoint,crown,,0.3883
insertion_only,25,maintain,crown,,0.2624
insertion_only,25,query,crown,q1,0.2674
insertion_only,25,query,crown,q2,0.0507
insertion_only,25,query,crown,q3,0.093
insertion_only,25,query,crown,q4,0.0107
insertion_only,30,staging,,,4.6314
insertion_only,30,base_insert,,,4.2321
insertion_only,30,checkpoint,recompute,,0.4081
insertion_only,30,query,recompute,q1,0.3286
insertion_only,30,query,recompute,q2,0.1165
insertion_only,30,query,recompute,q3,0.2017
insertion_only,30,query,recompute,q4,0.0116
insertion_only,30,checkpoint,logical_views,,0.1454
insertion_only,30,query,logical_views,q1,0.3039
insertion_only,30,query,logical_views,q2,0.0839
insertion_only,30,query,logical_views,q3,0.1445
insertion_only,30,query,logical_views,q4,0.0124
insertion_only,30,checkpoint,ivm,,0.1353
insertion_only,30,maintain,ivm,,0.5983
insertion_only,30,query,ivm,q1,0.6359
insertion_only,30,query,ivm,q2,0.0619
insertion_only,30,query,ivm,q3,0.1095
insertion_only,30,query,ivm,q4,0.0144
insertion_only,30,checkpoint,crown,,0.0732
insertion_only,30,maintain,crown,,0.2772
insertion_only,30,query,crown,q1,0.3272
insertion_only,30,query,crown,q2,0.0634
insertion_only,30,query,crown,q3,0.1142
insertion_only,30,query,crown,q4,0.0131
insertion_only,35,staging,,,4.6118
insertion_only,35,base_insert,,,4.0951
insertion_only,35,checkpoint,recompute,,0.5015
insertion_only,35,query,recompute,q1,0.3911
insertion_only,35,query,recompute,q2,0.1264
insertion_only,35,query,recompute,q3,0.1894
insertion_only,35,query,recompute,q4,0.0151
insertion_only,35,checkpoint,logical_views,,0.2222
insertion_only,35,query,logical_views,q1,0.4069
insertion_only,35,query,logical_views,q2,0.0897
insertion_only,35,query,logical_views,q3,0.1824
insertion_only,35,query,logical_views,q4,0.0125
insertion_only,35,checkpoint,ivm,,0.2291
insertion_only,35,maintain,ivm,,1.0725
insertion_only,35,query,ivm,q1,0.3318
insertion_only,35,query,ivm,q2,0.0723
insertion_only,35,query,ivm,q3,0.1301
insertion_only,35,query,ivm,q4,0.0134
insertion_only,35,checkpoint,crown,,0.2388
insertion_only,35,maintain,crown,,0.2938
insertion_only,35,query,crown,q1,0.3741
insertion_only,35,query,crown,q2,0.0836
insertion_only,35,query,crown,q3,0.1488
insertion_only,35,query,crown,q4,0.011
insertion_only,40,staging,,,4.374
insertion_only,40,base_insert,,,4.4561
insertion_only,40,checkpoint,recompute,,0.6057
insertion_only,40,query,recompute,q1,0.4079
insertion_only,40,query,recompute,q2,0.1263
insertion_only,40,query,recompute,q3,0.2378
insertion_only,40,query,recompute,q4,0.0124
insertion_only,40,checkpoint,logical_views,,0.1457
insertion_only,40,query,logical_views,q1,0.4294
insertion_only,40,query,logical_views,q2,0.1037
insertion_only,40,query,logical_views,q3,0.2296
insertion_only,40,query,logical_views,q4,0.0131
insertion_only,40,checkpoint,ivm,,0.1384
insertion_only,40,maintain,ivm,,1.1947
insertion_only,40,query,ivm,q1,0.6832
insertion_only,40,query,ivm,q2,0.102
insertion_only,40,query,ivm,q3,0.1788
insertion_only,40,query,ivm,q4,0.0156
insertion_only,40,checkpoint,crown,,0.0576
insertion_only,40,maintain,crown,,0.3105
insertion_only,40,query,crown,q1,0.444
insertion_only,40,query,crown,q2,0.1099
insertion_only,40,query,crown,q3,0.202
insertion_only,40,query,crown,q4,0.0171
insertion_only,45,staging,,,4.3879
insertion_only,45,base_insert,,,4.4298
insertion_only,45,checkpoint,recompute,,0.6991
insertion_only,45,query,recompute,q1,0.5022
insertion_only,45,query,recompute,q2,0.1443
insertion_only,45,query,recompute,q3,0.2894
insertion_only,45,query,recompute,q4,0.0147
insertion_only,45,checkpoint,logical_views,,0.4115
insertion_only,45,query,logical_views,q1,0.5587
insertion_only,45,query,logical_views,q2,0.1396
insertion_only,45,query,logical_views,q3,0.2886
insertion_only,45,query,logical_views,q4,0.0154
insertion_only,45,checkpoint,ivm,,0.42
insertion_only,45,maintain,ivm,,1.5599
insertion_only,45,query,ivm,q1,0.5287
insertion_only,45,query,ivm,q2,0.1213
insertion_only,45,query,ivm,q3,0.2115
insertion_only,45,query,ivm,q4,0.015
insertion_only,45,checkpoint,crown,,0.4118
insertion_only,45,maintain,crown,,0.3128
insertion_only,45,query,crown,q1,0.5081
insertion_only,45,query,crown,q2,0.1408
insertion_only,45,query,crown,q3,0.2671
insertion_only,45,query,crown,q4,0.0311
insertion_only,50,staging,,,4.4237
insertion_only,50,base_insert,,,5.2379
insertion_only,50,checkpoint,recompute,,0.7903
insertion_only,50,query,recompute,q1,0.6007
insertion_only,50,query,recompute,q2,0.1726
insertion_only,50,query,recompute,q3,0.3939
insertion_only,50,query,recompute,q4,0.0144
insertion_only,50,checkpoint,logical_views,,0.2488
insertion_only,50,query,logical_views,q1,0.6488
insertion_only,50,query,logical_views,q2,0.1685
insertion_only,50,query,logical_views,q3,0.3891
insertion_only,50,query,logical_views,q4,0.0159
insertion_only,50,checkpoint,ivm,,0.2544
insertion_only,50,maintain,ivm,,1.5814
insertion_only,50,query,ivm,q1,0.6775
insertion_only,50,query,ivm,q2,0.1403
insertion_only,50,query,ivm,q3,0.2971
insertion_only,50,query,ivm,q4,0.0145
insertion_only,50,checkpoint,crown,,0.3002
insertion_only,50,maintain,crown,,0.3226
insertion_only,50,query,crown,q1,0.8816
insertion_only,50,query,crown,q2,0.1676
insertion_only,50,query,crown,q3,0.3492
insertion_only,50,query,crown,q4,0.0166
insertion_only,55,staging,,,4.5956
insertion_only,55,base_insert,,,4.4303
insertion_only,55,checkpoint,recompute,,0.644
insertion_only,55,query,recompute,q1,1.2766
insertion_only,55,query,recompute,q2,0.2137
insertion_only,55,query,recompute,q3,0.5138
insertion_only,55,query,recompute,q4,0.0138
insertion_only,55,checkpoint,logical_views,,0.0656
insertion_only,55,query,logical_views,q1,1.2355
insertion_only,55,query,logical_views,q2,0.1925
insertion_only,55,query,logical_views,q3,0.4814
insertion_only,55,query,logical_views,q4,0.0131
insertion_only,55,checkpoint,ivm,,0.0637
insertion_only,55,maintain,ivm,,1.872
insertion_only,55,query,ivm,q1,1.3939
insertion_only,55,query,ivm,q2,0.1663
insertion_only,55,query,ivm,q3,0.4055
insertion_only,55,query,ivm,q4,0.0203
insertion_only,55,checkpoint,crown,,0.0657
insertion_only,55,maintain,crown,,0.314
insertion_only,55,query,crown,q1,1.4103
insertion_only,55,query,crown,q2,0.183
insertion_only,55,query,crown,q3,0.4553
insertion_only,55,query,crown,q4,0.0132
insertion_only,60,staging,,,4.3359
insertion_only,60,base_insert,,,4.9721
insertion_only,60,checkpoint,recompute,,0.7443
insertion_only,60,query,recompute,q1,1.0932
insertion_only,60,query,recompute,q2,0.2298
insertion_only,60,query,recompute,q3,0.6644
insertion_only,60,query,recompute,q4,0.0181
insertion_only,60,checkpoint,logical_views,,0.1533
insertion_only,60,query,logical_views,q1,1.0129
insertion_only,60,query,logical_views,q2,0.235
insertion_only,60,query,logical_views,q3,0.6453
insertion_only,60,query,logical_views,q4,0.0156
insertion_only,60,checkpoint,ivm,,0.1515
insertion_only,60,maintain,ivm,,2.3656
insertion_only,60,query,ivm,q1,1.7278
insertion_only,60,query,ivm,q2,0.1443
insertion_only,60,query,ivm,q3,0.5832
insertion_only,60,query,ivm,q4,0.0356
insertion_only,60,checkpoint,crown,,0.1539
insertion_only,60,maintain,crown,,0.2974
insertion_only,60,query,crown,q1,1.4109
insertion_only,60,query,crown,q2,0.2194
insertion_only,60,query,crown,q3,0.6389
insertion_only,60,query,crown,q4,0.0218
insertion_only,65,staging,,,4.7154
insertion_only,65,base_insert,,,3.8226
insertion_only,65,checkpoint,recompute,,0.8791
insertion_only,65,query,recompute,q1,1.5244
insertion_only,65,query,recompute,q2,0.2904
insertion_only,65,query,recompute,q3,0.8537
insertion_only,65,query,recompute,q4,0.0156
insertion_only,65,checkpoint,logical_views,,0.1085
insertion_only,65,query,logical_views,q1,1.4886
insertion_only,65,query,logical_views,q2,0.2745
insertion_only,65,query,logical_views,q3,0.8459
insertion_only,65,query,logical_views,q4,0.017
insertion_only,65,checkpoint,ivm,,0.0665
insertion_only,65,maintain,ivm,,2.2605
insertion_only,65,query,ivm,q1,2.4461
insertion_only,65,query,ivm,q2,0.274
insertion_only,65,query,ivm,q3,0.7959
insertion_only,65,query,ivm,q4,0.0187
insertion_only,65,checkpoint,crown,,0.0691
insertion_only,65,maintain,crown,,0.3164
insertion_only,65,query,crown,q1,1.678
insertion_only,65,query,crown,q2,0.2809
insertion_only,65,query,crown,q3,0.8201
insertion_only,65,query,crown,q4,0.017
insertion_only,70,staging,,,4.6451
insertion_only,70,base_insert,,,2.9589
insertion_only,70,checkpoint,recompute,,0.8935
insertion_only,70,query,recompute,q1,2.0425
insertion_only,70,query,recompute,q2,0.2269
insertion_only,70,query,recompute,q3,0.9348
insertion_only,70,query,recompute,q4,0.03
insertion_only,70,checkpoint,logical_views,,0.1877
insertion_only,70,query,logical_views,q1,2.1014
insertion_only,70,query,logical_views,q2,0.2427
insertion_only,70,query,logical_views,q3,0.9287
insertion_only,70,query,logical_views,q4,0.0189
insertion_only,70,checkpoint,ivm,,0.1813
insertion_only,70,maintain,ivm,,2.3401
insertion_only,70,query,ivm,q1,3.1568
insertion_only,70,query,ivm,q2,0.2588
insertion_only,70,query,ivm,q3,0.8179
insertion_only,70,query,ivm,q4,0.0248
insertion_only,70,checkpoint,crown,,0.187
insertion_only,70,maintain,crown,,0.3729
insertion_only,70,query,crown,q1,2.2066
insertion_only,70,query,crown,q2,0.2848
insertion_only,70,query,crown,q3,0.8949
insertion_only,70,query,crown,q4,0.0295
insertion_only,75,staging,,,4.6673
insertion_only,75,base_insert,,,4.0795
insertion_only,75,checkpoint,recompute,,0.7881
insertion_only,75,query,recompute,q1,1.8513
insertion_only,75,query,recompute,q2,0.3191
insertion_only,75,query,recompute,q3,1.0005
insertion_only,75,query,recompute,q4,0.0289
insertion_only,75,checkpoint,logical_views,,0.1947
insertion_only,75,query,logical_views,q1,2.1397
insertion_only,75,query,logical_views,q2,0.2971
insertion_only,75,query,logical_views,q3,1.0309
insertion_only,75,query,logical_views,q4,0.015
insertion_only,75,checkpoint,ivm,,0.1987
insertion_only,75,maintain,ivm,,3.1523
insertion_only,75,query,ivm,q1,2.8685
insertion_only,75,query,ivm,q2,0.2838
insertion_only,75,query,ivm,q3,0.8675
insertion_only,75,query,ivm,q4,0.0183
insertion_only,75,checkpoint,crown,,0.1943
insertion_only,75,maintain,crown,,0.3283
insertion_only,75,query,crown,q1,2.3406
insertion_only,75,query,crown,q2,0.2926
insertion_only,75,query,crown,q3,0.9879
insertion_only,75,query,crown,q4,0.0336
insertion_only,80,staging,,,4.3261
insertion_only,80,base_insert,,,3.6412
insertion_only,80,checkpoint,recompute,,0.8862
insertion_only,80,query,recompute,q1,1.626
insertion_only,80,query,recompute,q2,0.4433
insertion_only,80,query,recompute,q3,1.3075
insertion_only,80,query,recompute,q4,0.0329
insertion_only,80,checkpoint,logical_views,,0.071
insertion_only,80,query,logical_views,q1,1.8378
insertion_only,80,query,logical_views,q2,0.36
insertion_only,80,query,logical_views,q3,1.327
insertion_only,80,query,logical_views,q4,0.0196
insertion_only,80,checkpoint,ivm,,0.0694
insertion_only,80,maintain,ivm,,2.5337
insertion_only,80,query,ivm,q1,2.438
insertion_only,80,query,ivm,q2,0.3237
insertion_only,80,query,ivm,q3,1.1796
insertion_only,80,query,ivm,q4,0.0188
insertion_only,80,checkpoint,crown,,0.0733
insertion_only,80,maintain,crown,,0.3441
insertion_only,80,query,crown,q1,1.9876
insertion_only,80,query,crown,q2,0.3276
insertion_only,80,query,crown,q3,1.2874
insertion_only,80,query,crown,q4,0.0185
insertion_only,85,staging,,,4.3277
insertion_only,85,base_insert,,,3.9948
insertion_only,85,checkpoint,recompute,,0.9765
insertion_only,85,query,recompute,q1,3.1227
insertion_only,85,query,recompute,q2,0.3361
insertion_only,85,query,recompute,q3,1.3972
insertion_only,85,query,recompute,q4,0.0179
insertion_only,85,checkpoint,logical_views,,0.1562
insertion_only,85,query,logical_views,q1,3.5119
insertion_only,85,query,logical_views,q2,0.3471
insertion_only,85,query,logical_views,q3,1.3541
insertion_only,85,query,logical_views,q4,0.0406
insertion_only,85,checkpoint,ivm,,0.1567
insertion_only,85,maintain,ivm,,3.4316
insertion_only,85,query,ivm,q1,5.4702
insertion_only,85,query,ivm,q2,0.2932
insertion_only,85,query,ivm,q3,1.2193
insertion_only,85,query,ivm,q4,0.0276
insertion_only,85,checkpoint,crown,,0.1663
insertion_only,85,maintain,crown,,0.3312
insertion_only,85,query,crown,q1,3.8504
insertion_only,85,query,crown,q2,0.3597
insertion_only,85,query,crown,q3,1.3268
insertion_only,85,query,crown,q4,0.0328
insertion_only,90,staging,,,4.6241
insertion_only,90,base_insert,,,3.7895
insertion_only,90,checkpoint,recompute,,1.0401
insertion_only,90,query,recompute,q1,2.4241
insertion_only,90,query,recompute,q2,0.3922
insertion_only,90,query,recompute,q3,1.4894
insertion_only,90,query,recompute,q4,0.0183
insertion_only,90,checkpoint,logical_views,,0.1204
insertion_only,90,query,logical_views,q1,2.874
insertion_only,90,query,logical_views,q2,0.3842
insertion_only,90,query,logical_views,q3,1.4611
insertion_only,90,query,logical_views,q4,0.0286
insertion_only,90,checkpoint,ivm,,0.1252
insertion_only,90,maintain,ivm,,3.9755
insertion_only,90,query,ivm,q1,3.7989
insertion_only,90,query,ivm,q2,0.3233
insertion_only,90,query,ivm,q3,1.2532
insertion_only,90,query,ivm,q4,0.0299
insertion_only,90,checkpoint,crown,,0.1354
insertion_only,90,maintain,crown,,0.3662
insertion_only,90,query,crown,q1,2.9544
insertion_only,90,query,crown,q2,0.3666
insertion_only,90,query,crown,q3,1.4791
insertion_only,90,query,crown,q4,0.0313
insertion_only,95,staging,,,4.6047
insertion_only,95,base_insert,,,4.4564
insertion_only,95,checkpoint,recompute,,0.7197
insertion_only,95,query,recompute,q1,1.8921
insertion_only,95,query,recompute,q2,0.4545
insertion_only,95,query,recompute,q3,1.602
insertion_only,95,query,recompute,q4,0.0238
insertion_only,95,checkpoint,logical_views,,0.1814
insertion_only,95,query,logical_views,q1,2.3396
insertion_only,95,query,logical_views,q2,0.3906
insertion_only,95,query,logical_views,q3,1.8948
insertion_only,95,query,logical_views,q4,0.024
insertion_only,95,checkpoint,ivm,,0.2095
insertion_only,95,maintain,ivm,,4.419
insertion_only,95,query,ivm,q1,2.7393
insertion_only,95,query,ivm,q2,0.3638
insertion_only,95,query,ivm,q3,1.3491
insertion_only,95,query,ivm,q4,0.0383
insertion_only,95,checkpoint,crown,,1.0342
insertion_only,95,maintain,crown,,0.3611
insertion_only,95,query,crown,q1,2.6966
insertion_only,95,query,crown,q2,0.3836
insertion_only,95,query,crown,q3,1.553
insertion_only,95,query,crown,q4,0.038
insertion_only,100,staging,,,4.3943
insertion_only,100,base_insert,,,4.0546
insertion_only,100,checkpoint,recompute,,0.6402
insertion_only,100,query,recompute,q1,2.0029
insertion_only,100,query,recompute,q2,0.4701
insertion_only,100,query,recompute,q3,2.1241
insertion_only,100,query,recompute,q4,0.028
insertion_only,100,checkpoint,logical_views,,0.0937
insertion_only,100,query,logical_views,q1,2.4686
insertion_only,100,query,logical_views,q2,0.5217
insertion_only,100,query,logical_views,q3,2.0995
insertion_only,100,query,logical_views,q4,0.0225
insertion_only,100,checkpoint,ivm,,0.1334
insertion_only,100,maintain,ivm,,4.5685
insertion_only,100,query,ivm,q1,3.2429
insertion_only,100,query,ivm,q2,0.4161
insertion_only,100,query,ivm,q3,2.1493
insertion_only,100,query,ivm,q4,0.03
insertion_only,100,checkpoint,crown,,0.1045
insertion_only,100,maintain,crown,,0.3895
insertion_only,100,query,crown,q1,2.7358
insertion_only,100,query,crown,q2,0.4557
insertion_only,100,query,crown,q3,2.2452
insertion_only,100,query,crown,q4,0.0341
sliding_window,0,init_base,,,2.2888
sliding_window,0,analyze,,,0.0003
sliding_window,0,init_method,logical_views,,0.0552
sliding_window,0,init_method,ivm,,0.064
sliding_window,0,init_method,crown,,0.1087
sliding_window,5,staging,,,4.2982
sliding_window,5,base_insert,,,2.0484
sliding_window,5,checkpoint,recompute,,0.151
sliding_window,5,query,recompute,q1,0.1166
sliding_window,5,query,recompute,q2,0.0523
sliding_window,5,query,recompute,q3,0.0687
sliding_window,5,query,recompute,q4,0.0094
sliding_window,5,checkpoint,logical_views,,0.0517
sliding_window,5,query,logical_views,q1,0.0961
sliding_window,5,query,logical_views,q2,0.0426
sliding_window,5,query,logical_views,q3,0.0574
sliding_window,5,query,logical_views,q4,0.0086
sliding_window,5,checkpoint,ivm,,0.0484
sliding_window,5,maintain,ivm,,0.3012
sliding_window,5,query,ivm,q1,0.0637
sliding_window,5,query,ivm,q2,0.0228
sliding_window,5,query,ivm,q3,0.0299
sliding_window,5,query,ivm,q4,0.0105
sliding_window,5,checkpoint,crown,,0.1411
sliding_window,5,maintain,crown,,0.1939
sliding_window,5,query,crown,q1,0.0917
sliding_window,5,query,crown,q2,0.0296
sliding_window,5,query,crown,q3,0.0607
sliding_window,5,query,crown,q4,0.0096
sliding_window,10,staging,,,4.4048
sliding_window,10,base_insert,,,3.4609
sliding_window,10,checkpoint,recompute,,0.253
sliding_window,10,query,recompute,q1,0.1632
sliding_window,10,query,recompute,q2,0.0698
sliding_window,10,query,recompute,q3,0.1194
sliding_window,10,query,recompute,q4,0.0114
sliding_window,10,checkpoint,logical_views,,0.0892
sliding_window,10,query,logical_views,q1,0.1415
sliding_window,10,query,logical_views,q2,0.0535
sliding_window,10,query,logical_views,q3,0.0976
sliding_window,10,query,logical_views,q4,0.0102
sliding_window,10,checkpoint,ivm,,0.0828
sliding_window,10,maintain,ivm,,0.3932
sliding_window,10,query,ivm,q1,0.0867
sliding_window,10,query,ivm,q2,0.0219
sliding_window,10,query,ivm,q3,0.048
sliding_window,10,query,ivm,q4,0.01
sliding_window,10,checkpoint,crown,,0.2362
sliding_window,10,maintain,crown,,0.266
sliding_window,10,query,crown,q1,0.1203
sliding_window,10,query,crown,q2,0.0316
sliding_window,10,query,crown,q3,0.0582
sliding_window,10,query,crown,q4,0.0098
sliding_window,15,staging,,,8.9093
sliding_window,15,base_insert,,,3.1757
sliding_window,15,base_delete,,,0.3201
sliding_window,15,checkpoint,recompute,,0.3829
sliding_window,15,query,recompute,q1,0.1417
sliding_window,15,query,recompute,q2,0.0807
sliding_window,15,query,recompute,q3,0.0892
sliding_window,15,query,recompute,q4,0.0098
sliding_window,15,checkpoint,logical_views,,0.0994
sliding_window,15,query,logical_views,q1,0.1358
sliding_window,15,query,logical_views,q2,0.0614
sliding_window,15,query,logical_views,q3,0.0756
sliding_window,15,query,logical_views,q4,0.0098
sliding_window,15,checkpoint,ivm,,0.0838
sliding_window,15,maintain,ivm,,0.5637
sliding_window,15,query,ivm,q1,0.1135
sliding_window,15,query,ivm,q2,0.0357
sliding_window,15,query,ivm,q3,0.0743
sliding_window,15,query,ivm,q4,0.0089
sliding_window,15,checkpoint,crown,,0.2672
sliding_window,15,maintain,crown,,0.3952
sliding_window,15,query,crown,q1,0.1142
sliding_window,15,query,crown,q2,0.0533
sliding_window,15,query,crown,q3,0.0619
sliding_window,15,query,crown,q4,0.01
sliding_window,20,staging,,,9.2069
sliding_window,20,base_insert,,,4.6713
sliding_window,20,base_delete,,,0.35
sliding_window,20,checkpoint,recompute,,0.4745
sliding_window,20,query,recompute,q1,0.1567
sliding_window,20,query,recompute,q2,0.0934
sliding_window,20,query,recompute,q3,0.0916
sliding_window,20,query,recompute,q4,0.0096
sliding_window,20,checkpoint,logical_views,,0.0932
sliding_window,20,query,logical_views,q1,0.1413
sliding_window,20,query,logical_views,q2,0.0661
sliding_window,20,query,logical_views,q3,0.0928
sliding_window,20,query,logical_views,q4,0.0097
sliding_window,20,checkpoint,ivm,,0.1034
sliding_window,20,maintain,ivm,,0.5689
sliding_window,20,query,ivm,q1,0.0915
sliding_window,20,query,ivm,q2,0.0374
sliding_window,20,query,ivm,q3,0.0546
sliding_window,20,query,ivm,q4,0.0099
sliding_window,20,checkpoint,crown,,0.244
sliding_window,20,maintain,crown,,0.5359
sliding_window,20,query,crown,q1,0.1138
sliding_window,20,query,crown,q2,0.0481
sliding_window,20,query,crown,q3,0.0613
sliding_window,20,query,crown,q4,0.0096
sliding_window,25,staging,,,8.7787
sliding_window,25,base_insert,,,3.421
sliding_window,25,base_delete,,,0.3463
sliding_window,25,checkpoint,recompute,,0.5768
sliding_window,25,query,recompute,q1,0.2119
sliding_window,25,query,recompute,q2,0.0873
sliding_window,25,query,recompute,q3,0.0982
sliding_window,25,query,recompute,q4,0.0094
sliding_window,25,checkpoint,logical_views,,0.1186
sliding_window,25,query,logical_views,q1,0.1419
sliding_window,25,query,logical_views,q2,0.0641
sliding_window,25,query,logical_views,q3,0.0826
sliding_window,25,query,logical_views,q4,0.0102
sliding_window,25,checkpoint,ivm,,0.1008
sliding_window,25,maintain,ivm,,0.5727
sliding_window,25,query,ivm,q1,0.0857
sliding_window,25,query,ivm,q2,0.0382
sliding_window,25,query,ivm,q3,0.0484
sliding_window,25,query,ivm,q4,0.0119
sliding_window,25,checkpoint,crown,,0.2704
sliding_window,25,maintain,crown,,0.5747
sliding_window,25,query,crown,q1,0.2016
sliding_window,25,query,crown,q2,0.048
sliding_window,25,query,crown,q3,0.0623
sliding_window,25,query,crown,q4,0.0115
sliding_window,30,staging,,,8.8198
sliding_window,30,base_insert,,,4.2977
sliding_window,30,base_delete,,,0.404
sliding_window,30,checkpoint,recompute,,0.4829
sliding_window,30,query,recompute,q1,0.1939
sliding_window,30,query,recompute,q2,0.0828
sliding_window,30,query,recompute,q3,0.0933
sliding_window,30,query,recompute,q4,0.0114
sliding_window,30,checkpoint,logical_views,,0.1391
sliding_window,30,query,logical_views,q1,0.1554
sliding_window,30,query,logical_views,q2,0.0698
sliding_window,30,query,logical_views,q3,0.0877
sliding_window,30,query,logical_views,q4,0.0101
sliding_window,30,checkpoint,ivm,,0.126
sliding_window,30,maintain,ivm,,0.5733
sliding_window,30,query,ivm,q1,0.0928
sliding_window,30,query,ivm,q2,0.041
sliding_window,30,query,ivm,q3,0.0542
sliding_window,30,query,ivm,q4,0.0129
sliding_window,30,checkpoint,crown,,0.2716
sliding_window,30,maintain,crown,,0.4267
sliding_window,30,query,crown,q1,0.1969
sliding_window,30,query,crown,q2,0.0519
sliding_window,30,query,crown,q3,0.0607
sliding_window,30,query,crown,q4,0.0109
sliding_window,35,staging,,,8.832
sliding_window,35,base_insert,,,3.8103
sliding_window,35,base_delete,,,0.3457
sliding_window,35,checkpoint,recompute,,0.5408
sliding_window,35,query,recompute,q1,0.1458
sliding_window,35,query,recompute,q2,0.0791
sliding_window,35,query,recompute,q3,0.0854
sliding_window,35,query,recompute,q4,0.0102
sliding_window,35,checkpoint,logical_views,,0.1316
sliding_window,35,query,logical_views,q1,0.2152
sliding_window,35,query,logical_views,q2,0.0685
sliding_window,35,query,logical_views,q3,0.1
sliding_window,35,query,logical_views,q4,0.0094
sliding_window,35,checkpoint,ivm,,0.1322
sliding_window,35,maintain,ivm,,0.5678
sliding_window,35,query,ivm,q1,0.0981
sliding_window,35,query,ivm,q2,0.0381
sliding_window,35,query,ivm,q3,0.0478
sliding_window,35,query,ivm,q4,0.0133
sliding_window,35,checkpoint,crown,,0.2744
sliding_window,35,maintain,crown,,0.4136
sliding_window,35,query,crown,q1,0.2086
sliding_window,35,query,crown,q2,0.0564
sliding_window,35,query,crown,q3,0.0723
sliding_window,35,query,crown,q4,0.0105
sliding_window,40,staging,,,8.9954
sliding_window,40,base_insert,,,4.32
sliding_window,40,base_delete,,,0.3684
sliding_window,40,checkpoint,recompute,,0.6585
sliding_window,40,query,recompute,q1,0.1626
sliding_window,40,query,recompute,q2,0.0935
sliding_window,40,query,recompute,q3,0.0927
sliding_window,40,query,recompute,q4,0.0102
sliding_window,40,checkpoint,logical_views,,0.1238
sliding_window,40,query,logical_views,q1,0.1967
sliding_window,40,query,logical_views,q2,0.0634
sliding_window,40,query,logical_views,q3,0.0983
sliding_window,40,query,logical_views,q4,0.0108
sliding_window,40,checkpoint,ivm,,0.1316
sliding_window,40,maintain,ivm,,0.557
sliding_window,40,query,ivm,q1,0.0944
sliding_window,40,query,ivm,q2,0.0427
sliding_window,40,query,ivm,q3,0.048
sliding_window,40,query,ivm,q4,0.0122
sliding_window,40,checkpoint,crown,,0.2904
sliding_window,40,maintain,crown,,0.5981
sliding_window,40,query,crown,q1,0.1895
sliding_window,40,query,crown,q2,0.0538
sliding_window,40,query,crown,q3,0.0607
sliding_window,40,query,crown,q4,0.0111
sliding_window,45,staging,,,8.6264
sliding_window,45,base_insert,,,4.1467
sliding_window,45,base_delete,,,0.3756
sliding_window,45,checkpoint,recompute,,0.7232
sliding_window,45,query,recompute,q1,0.1604
sliding_window,45,query,recompute,q2,0.1096
sliding_window,45,query,recompute,q3,0.1369
sliding_window,45,query,recompute,q4,0.0107
sliding_window,45,checkpoint,logical_views,,0.1479
sliding_window,45,query,logical_views,q1,0.2
sliding_window,45,query,logical_views,q2,0.0707
sliding_window,45,query,logical_views,q3,0.1118
sliding_window,45,query,logical_views,q4,0.0123
sliding_window,45,checkpoint,ivm,,0.1384
sliding_window,45,maintain,ivm,,0.6164
sliding_window,45,query,ivm,q1,0.1102
sliding_window,45,query,ivm,q2,0.0468
sliding_window,45,query,ivm,q3,0.0605
sliding_window,45,query,ivm,q4,0.0101
sliding_window,45,checkpoint,crown,,0.3085
sliding_window,45,maintain,crown,,0.6756
sliding_window,45,query,crown,q1,0.2057
sliding_window,45,query,crown,q2,0.0616
sliding_window,45,query,crown,q3,0.0728
sliding_window,45,query,crown,q4,0.01
sliding_window,50,staging,,,8.8564
sliding_window,50,base_insert,,,4.8823
sliding_window,50,base_delete,,,0.3994
sliding_window,50,checkpoint,recompute,,0.7954
sliding_window,50,query,recompute,q1,0.1667
sliding_window,50,query,recompute,q2,0.0958
sliding_window,50,query,recompute,q3,0.112
sliding_window,50,query,recompute,q4,0.0101
sliding_window,50,checkpoint,logical_views,,0.1489
sliding_window,50,query,logical_views,q1,0.223
sliding_window,50,query,logical_views,q2,0.0719
sliding_window,50,query,logical_views,q3,0.0841
sliding_window,50,query,logical_views,q4,0.0098
sliding_window,50,checkpoint,ivm,,0.1389
sliding_window,50,maintain,ivm,,0.589
sliding_window,50,query,ivm,q1,0.0918
sliding_window,50,query,ivm,q2,0.0412
sliding_window,50,query,ivm,q3,0.0544
sliding_window,50,query,ivm,q4,0.0121
sliding_window,50,checkpoint,crown,,0.308
sliding_window,50,maintain,crown,,0.4261
sliding_window,50,query,crown,q1,0.203
sliding_window,50,query,crown,q2,0.0593
sliding_window,50,query,crown,q3,0.0628
sliding_window,50,query,crown,q4,0.0104
sliding_window,55,staging,,,8.615
sliding_window,55,base_insert,,,4.475
sliding_window,55,base_delete,,,0.332
sliding_window,55,checkpoint,recompute,,0.7179
sliding_window,55,query,recompute,q1,0.1794
sliding_window,55,query,recompute,q2,0.093
sliding_window,55,query,recompute,q3,0.1204
sliding_window,55,query,recompute,q4,0.0125
sliding_window,55,checkpoint,logical_views,,0.1916
sliding_window,55,query,logical_views,q1,0.2219
sliding_window,55,query,logical_views,q2,0.0728
sliding_window,55,query,logical_views,q3,0.131
sliding_window,55,query,logical_views,q4,0.0112
sliding_window,55,checkpoint,ivm,,0.1571
sliding_window,55,maintain,ivm,,0.5881
sliding_window,55,query,ivm,q1,0.1095
sliding_window,55,query,ivm,q2,0.0612
sliding_window,55,query,ivm,q3,0.0475
sliding_window,55,query,ivm,q4,0.0119
sliding_window,55,checkpoint,crown,,0.2912
sliding_window,55,maintain,crown,,0.3936
sliding_window,55,query,crown,q1,0.2186
sliding_window,55,query,crown,q2,0.0581
sliding_window,55,query,crown,q3,0.0615
sliding_window,55,query,crown,q4,0.0155
sliding_window,60,staging,,,8.5258
sliding_window,60,base_insert,,,5.0217
sliding_window,60,base_delete,,,0.4548
sliding_window,60,checkpoint,recompute,,0.8232
sliding_window,60,query,recompute,q1,0.1845
sliding_window,60,query,recompute,q2,0.0838
sliding_window,60,query,recompute,q3,0.112
sliding_window,60,query,recompute,q4,0.0108
sliding_window,60,checkpoint,logical_views,,0.1045
sliding_window,60,query,logical_views,q1,0.2149
sliding_window,60,query,logical_views,q2,0.0733
sliding_window,60,query,logical_views,q3,0.0828
sliding_window,60,query,logical_views,q4,0.0104
sliding_window,60,checkpoint,ivm,,0.1231
sliding_window,60,maintain,ivm,,0.593
sliding_window,60,query,ivm,q1,0.0978
sliding_window,60,query,ivm,q2,0.0488
sliding_window,60,query,ivm,q3,0.0577
sliding_window,60,query,ivm,q4,0.0105
sliding_window,60,checkpoint,crown,,0.2435
sliding_window,60,maintain,crown,,0.6275
sliding_window,60,query,crown,q1,0.2155
sliding_window,60,query,crown,q2,0.0547
sliding_window,60,query,crown,q3,0.0673
sliding_window,60,query,crown,q4,0.012
sliding_window,65,staging,,,9.1728
sliding_window,65,base_insert,,,3.7632
sliding_window,65,base_delete,,,0.3339
sliding_window,65,checkpoint,recompute,,0.89
sliding_window,65,query,recompute,q1,0.173
sliding_window,65,query,recompute,q2,0.0988
sliding_window,65,query,recompute,q3,0.1177
sliding_window,65,query,recompute,q4,0.0122
sliding_window,65,checkpoint,logical_views,,0.1715
sliding_window,65,query,logical_views,q1,0.1978
sliding_window,65,query,logical_views,q2,0.0784
sliding_window,65,query,logical_views,q3,0.1156
sliding_window,65,query,logical_views,q4,0.0138
sliding_window,65,checkpoint,ivm,,0.1768
sliding_window,65,maintain,ivm,,0.6054
sliding_window,65,query,ivm,q1,0.1101
sliding_window,65,query,ivm,q2,0.0601
sliding_window,65,query,ivm,q3,0.0653
sliding_window,65,query,ivm,q4,0.011
sliding_window,65,checkpoint,crown,,0.3572
sliding_window,65,maintain,crown,,0.6668
sliding_window,65,query,crown,q1,0.2144
sliding_window,65,query,crown,q2,0.0715
sliding_window,65,query,crown,q3,0.0691
sliding_window,65,query,crown,q4,0.0109
sliding_window,70,staging,,,8.534
sliding_window,70,base_insert,,,3.2373
sliding_window,70,base_delete,,,0.421
sliding_window,70,checkpoint,recompute,,0.9595
sliding_window,70,query,recompute,q1,0.1664
sliding_window,70,query,recompute,q2,0.0841
sliding_window,70,query,recompute,q3,0.1013
sliding_window,70,query,recompute,q4,0.0126
sliding_window,70,checkpoint,logical_views,,0.1797
sliding_window,70,query,logical_views,q1,0.2088
sliding_window,70,query,logical_views,q2,0.0751
sliding_window,70,query,logical_views,q3,0.1049
sliding_window,70,query,logical_views,q4,0.0115
sliding_window,70,checkpoint,ivm,,0.1805
sliding_window,70,maintain,ivm,,0.5905
sliding_window,70,query,ivm,q1,0.0983
sliding_window,70,query,ivm,q2,0.056
sliding_window,70,query,ivm,q3,0.0521
sliding_window,70,query,ivm,q4,0.0101
sliding_window,70,checkpoint,crown,,0.3282
sliding_window,70,maintain,crown,,0.4379
sliding_window,70,query,crown,q1,0.1897
sliding_window,70,query,crown,q2,0.074
sliding_window,70,query,crown,q3,0.071
sliding_window,70,query,crown,q4,0.012
sliding_window,75,staging,,,8.9428
sliding_window,75,base_insert,,,4.1517
sliding_window,75,base_delete,,,0.4329
sliding_window,75,checkpoint,recompute,,0.8641
sliding_window,75,query,recompute,q1,0.1793
sliding_window,75,query,recompute,q2,0.0953
sliding_window,75,query,recompute,q3,0.1183
sliding_window,75,query,recompute,q4,0.0108
sliding_window,75,checkpoint,logical_views,,0.1933
sliding_window,75,query,logical_views,q1,0.2052
sliding_window,75,query,logical_views,q2,0.0804
sliding_window,75,query,logical_views,q3,0.095
sliding_window,75,query,logical_views,q4,0.0108
sliding_window,75,checkpoint,ivm,,0.1919
sliding_window,75,maintain,ivm,,0.5793
sliding_window,75,query,ivm,q1,0.0935
sliding_window,75,query,ivm,q2,0.0603
sliding_window,75,query,ivm,q3,0.0656
sliding_window,75,query,ivm,q4,0.01
sliding_window,75,checkpoint,crown,,0.366
sliding_window,75,maintain,crown,,0.422
sliding_window,75,query,crown,q1,0.2125
sliding_window,75,query,crown,q2,0.0655
sliding_window,75,query,crown,q3,0.0731
sliding_window,75,query,crown,q4,0.0126
sliding_window,80,staging,,,8.5933
sliding_window,80,base_insert,,,3.7241
sliding_window,80,base_delete,,,0.3591
sliding_window,80,checkpoint,recompute,,0.9255
sliding_window,80,query,recompute,q1,0.1799
sliding_window,80,query,recompute,q2,0.0951
sliding_window,80,query,recompute,q3,0.1346
sliding_window,80,query,recompute,q4,0.0117
sliding_window,80,checkpoint,logical_views,,0.1947
sliding_window,80,query,logical_views,q1,0.1976
sliding_window,80,query,logical_views,q2,0.0868
sliding_window,80,query,logical_views,q3,0.1128
sliding_window,80,query,logical_views,q4,0.0119
sliding_window,80,checkpoint,ivm,,0.1895
sliding_window,80,maintain,ivm,,0.5968
sliding_window,80,query,ivm,q1,0.1084
sliding_window,80,query,ivm,q2,0.0557
sliding_window,80,query,ivm,q3,0.0527
sliding_window,80,query,ivm,q4,0.0118
sliding_window,80,checkpoint,crown,,0.3758
sliding_window,80,maintain,crown,,0.6739
sliding_window,80,query,crown,q1,0.1831
sliding_window,80,query,crown,q2,0.0728
sliding_window,80,query,crown,q3,0.062
sliding_window,80,query,crown,q4,0.011
sliding_window,85,staging,,,8.8623
sliding_window,85,base_insert,,,4.2177
sliding_window,85,base_delete,,,0.36
sliding_window,85,checkpoint,recompute,,1.0354
sliding_window,85,query,recompute,q1,0.1575
sliding_window,85,query,recompute,q2,0.0985
sliding_window,85,query,recompute,q3,0.1191
sliding_window,85,query,recompute,q4,0.011
sliding_window,85,checkpoint,logical_views,,0.1952
sliding_window,85,query,logical_views,q1,0.2166
sliding_window,85,query,logical_views,q2,0.0804
sliding_window,85,query,logical_views,q3,0.1045
sliding_window,85,query,logical_views,q4,0.0119
sliding_window,85,checkpoint,ivm,,0.1979
sliding_window,85,maintain,ivm,,0.6005
sliding_window,85,query,ivm,q1,0.1119
sliding_window,85,query,ivm,q2,0.0546
sliding_window,85,query,ivm,q3,0.0611
sliding_window,85,query,ivm,q4,0.0109
sliding_window,85,checkpoint,crown,,0.3782
sliding_window,85,maintain,crown,,0.6425
sliding_window,85,query,crown,q1,0.194
sliding_window,85,query,crown,q2,0.0764
sliding_window,85,query,crown,q3,0.0783
sliding_window,85,query,crown,q4,0.0109
sliding_window,90,staging,,,8.5849
sliding_window,90,base_insert,,,4.0123
sliding_window,90,base_delete,,,0.384
sliding_window,90,checkpoint,recompute,,1.1002
sliding_window,90,query,recompute,q1,0.1758
sliding_window,90,query,recompute,q2,0.0988
sliding_window,90,query,recompute,q3,0.1135
sliding_window,90,query,recompute,q4,0.0173
sliding_window,90,checkpoint,logical_views,,0.2187
sliding_window,90,query,logical_views,q1,0.2242
sliding_window,90,query,logical_views,q2,0.0838
sliding_window,90,query,logical_views,q3,0.1227
sliding_window,90,query,logical_views,q4,0.0103
sliding_window,90,checkpoint,ivm,,0.2113
sliding_window,90,maintain,ivm,,0.6111
sliding_window,90,query,ivm,q1,0.1105
sliding_window,90,query,ivm,q2,0.0589
sliding_window,90,query,ivm,q3,0.0539
sliding_window,90,query,ivm,q4,0.0112
sliding_window,90,checkpoint,crown,,0.3677
sliding_window,90,maintain,crown,,0.4321
sliding_window,90,query,crown,q1,0.2042
sliding_window,90,query,crown,q2,0.0751
sliding_window,90,query,crown,q3,0.0813
sliding_window,90,query,crown,q4,0.0108
sliding_window,95,staging,,,8.8215
sliding_window,95,base_insert,,,4.7785
sliding_window,95,base_delete,,,0.3753
sliding_window,95,checkpoint,recompute,,0.8232
sliding_window,95,query,recompute,q1,0.1695
sliding_window,95,query,recompute,q2,0.1074
sliding_window,95,query,recompute,q3,0.1139
sliding_window,95,query,recompute,q4,0.0119
sliding_window,95,checkpoint,logical_views,,0.1743
sliding_window,95,query,logical_views,q1,0.2015
sliding_window,95,query,logical_views,q2,0.0865
sliding_window,95,query,logical_views,q3,0.0969
sliding_window,95,query,logical_views,q4,0.0131
sliding_window,95,checkpoint,ivm,,0.1736
sliding_window,95,maintain,ivm,,0.577
sliding_window,95,query,ivm,q1,0.0944
sliding_window,95,query,ivm,q2,0.0609
sliding_window,95,query,ivm,q3,0.0594
sliding_window,95,query,ivm,q4,0.0131
sliding_window,95,checkpoint,crown,,0.3617
sliding_window,95,maintain,crown,,0.4232
sliding_window,95,query,crown,q1,0.1892
sliding_window,95,query,crown,q2,0.0771
sliding_window,95,query,crown,q3,0.0667
sliding_window,95,query,crown,q4,0.0103
sliding_window,100,staging,,,8.6052
sliding_window,100,base_insert,,,4.1371
sliding_window,100,base_delete,,,0.3366
sliding_window,100,checkpoint,recompute,,0.7109
sliding_window,100,query,recompute,q1,0.1753
sliding_window,100,query,recompute,q2,0.0989
sliding_window,100,query,recompute,q3,0.1008
sliding_window,100,query,recompute,q4,0.0114
sliding_window,100,checkpoint,logical_views,,0.1063
sliding_window,100,query,logical_views,q1,0.2319
sliding_window,100,query,logical_views,q2,0.0811
sliding_window,100,query,logical_views,q3,0.0878
sliding_window,100,query,logical_views,q4,0.0109
sliding_window,100,checkpoint,ivm,,0.1252
sliding_window,100,maintain,ivm,,0.5735
sliding_window,100,query,ivm,q1,0.1095
sliding_window,100,query,ivm,q2,0.0636
sliding_window,100,query,ivm,q3,0.0535
sliding_window,100,query,ivm,q4,0.0113
sliding_window,100,checkpoint,crown,,0.248
sliding_window,100,maintain,crown,,0.6646
sliding_window,100,query,crown,q1,0.2083
sliding_window,100,query,crown,q2,0.078
sliding_window,100,query,crown,q3,0.0649
sliding_window,100,query,crown,q4,0.0129
preloaded_replacement_sliding,0,init_base,,,289.6567
preloaded_replacement_sliding,0,analyze,,,0.0003
preloaded_replacement_sliding,0,init_method,logical_views,,0.0528
preloaded_replacement_sliding,0,init_method,ivm,,3.9103
preloaded_replacement_sliding,0,init_method,crown,,1.1723
preloaded_replacement_sliding,5,staging,,,8.5292
preloaded_replacement_sliding,5,base_insert,,,6.2661
preloaded_replacement_sliding,5,base_delete,,,0.3488
preloaded_replacement_sliding,5,checkpoint,recompute,,0.5932
preloaded_replacement_sliding,5,query,recompute,q1,5.5615
preloaded_replacement_sliding,5,query,recompute,q2,0.434
preloaded_replacement_sliding,5,query,recompute,q3,2.0942
preloaded_replacement_sliding,5,query,recompute,q4,0.0402
preloaded_replacement_sliding,5,checkpoint,logical_views,,0.2493
preloaded_replacement_sliding,5,query,logical_views,q1,5.8694
preloaded_replacement_sliding,5,query,logical_views,q2,0.4038
preloaded_replacement_sliding,5,query,logical_views,q3,1.9672
preloaded_replacement_sliding,5,query,logical_views,q4,0.0344
preloaded_replacement_sliding,5,checkpoint,ivm,,0.2566
preloaded_replacement_sliding,5,maintain,ivm,,4.7744
preloaded_replacement_sliding,5,query,ivm,q1,6.0322
preloaded_replacement_sliding,5,query,ivm,q2,0.3739
preloaded_replacement_sliding,5,query,ivm,q3,2.585
preloaded_replacement_sliding,5,query,ivm,q4,0.0452
preloaded_replacement_sliding,5,checkpoint,crown,,0.0003
preloaded_replacement_sliding,5,maintain,crown,,0.5476
preloaded_replacement_sliding,5,query,crown,q1,6.0647
preloaded_replacement_sliding,5,query,crown,q2,0.3942
preloaded_replacement_sliding,5,query,crown,q3,3.2055
preloaded_replacement_sliding,5,query,crown,q4,0.0461
preloaded_replacement_sliding,10,staging,,,8.7313
preloaded_replacement_sliding,10,base_insert,,,4.5979
preloaded_replacement_sliding,10,base_delete,,,0.375
preloaded_replacement_sliding,10,checkpoint,recompute,,0.692
preloaded_replacement_sliding,10,query,recompute,q1,0.4857
preloaded_replacement_sliding,10,query,recompute,q2,1.3788
preloaded_replacement_sliding,10,query,recompute,q3,1.6414
preloaded_replacement_sliding,10,query,recompute,q4,0.0457
preloaded_replacement_sliding,10,checkpoint,logical_views,,0.0466
preloaded_replacement_sliding,10,query,logical_views,q1,0.8103
preloaded_replacement_sliding,10,query,logical_views,q2,1.3659
preloaded_replacement_sliding,10,query,logical_views,q3,1.5498
preloaded_replacement_sliding,10,query,logical_views,q4,0.038
preloaded_replacement_sliding,10,checkpoint,ivm,,0.0846
preloaded_replacement_sliding,10,maintain,ivm,,4.3045
preloaded_replacement_sliding,10,query,ivm,q1,2.3847
preloaded_replacement_sliding,10,query,ivm,q2,1.7882
preloaded_replacement_sliding,10,query,ivm,q3,1.5531
preloaded_replacement_sliding,10,query,ivm,q4,0.0405
preloaded_replacement_sliding,10,checkpoint,crown,,0.0734
preloaded_replacement_sliding,10,maintain,crown,,0.5183
preloaded_replacement_sliding,10,query,crown,q1,0.7442
preloaded_replacement_sliding,10,query,crown,q2,1.7524
preloaded_replacement_sliding,10,query,crown,q3,1.439
preloaded_replacement_sliding,10,query,crown,q4,0.0341
preloaded_replacement_sliding,15,staging,,,8.9923
preloaded_replacement_sliding,15,base_insert,,,4.8336
preloaded_replacement_sliding,15,base_delete,,,0.378
preloaded_replacement_sliding,15,checkpoint,recompute,,0.7978
preloaded_replacement_sliding,15,query,recompute,q1,0.5992
preloaded_replacement_sliding,15,query,recompute,q2,1.1691
preloaded_replacement_sliding,15,query,recompute,q3,1.505
preloaded_replacement_sliding,15,query,recompute,q4,0.0427
preloaded_replacement_sliding,15,checkpoint,logical_views,,0.1076
preloaded_replacement_sliding,15,query,logical_views,q1,0.7913
preloaded_replacement_sliding,15,query,logical_views,q2,1.1557
preloaded_replacement_sliding,15,query,logical_views,q3,1.3984
preloaded_replacement_sliding,15,query,logical_views,q4,0.0366
preloaded_replacement_sliding,15,checkpoint,ivm,,0.084
preloaded_replacement_sliding,15,maintain,ivm,,3.9288
preloaded_replacement_sliding,15,query,ivm,q1,1.6727
preloaded_replacement_sliding,15,query,ivm,q2,1.6226
preloaded_replacement_sliding,15,query,ivm,q3,1.7578
preloaded_replacement_sliding,15,query,ivm,q4,0.0415
preloaded_replacement_sliding,15,checkpoint,crown,,0.1128
preloaded_replacement_sliding,15,maintain,crown,,0.5097
preloaded_replacement_sliding,15,query,crown,q1,0.8801
preloaded_replacement_sliding,15,query,crown,q2,1.9069
preloaded_replacement_sliding,15,query,crown,q3,1.2999
preloaded_replacement_sliding,15,query,crown,q4,0.0502
preloaded_replacement_sliding,20,staging,,,8.6748
preloaded_replacement_sliding,20,base_insert,,,3.7398
preloaded_replacement_sliding,20,base_delete,,,0.3974
preloaded_replacement_sliding,20,checkpoint,recompute,,0.6711
preloaded_replacement_sliding,20,query,recompute,q1,0.6073
preloaded_replacement_sliding,20,query,recompute,q2,4.1792
preloaded_replacement_sliding,20,query,recompute,q3,1.3141
preloaded_replacement_sliding,20,query,recompute,q4,0.0383
preloaded_replacement_sliding,20,checkpoint,logical_views,,0.1074
preloaded_replacement_sliding,20,query,logical_views,q1,0.7496
preloaded_replacement_sliding,20,query,logical_views,q2,4.0747
preloaded_replacement_sliding,20,query,logical_views,q3,1.4819
preloaded_replacement_sliding,20,query,logical_views,q4,0.0403
preloaded_replacement_sliding,20,checkpoint,ivm,,0.0996
preloaded_replacement_sliding,20,maintain,ivm,,3.48
preloaded_replacement_sliding,20,query,ivm,q1,0.613
preloaded_replacement_sliding,20,query,ivm,q2,4.3997
preloaded_replacement_sliding,20,query,ivm,q3,1.2096
preloaded_replacement_sliding,20,query,ivm,q4,0.0411
preloaded_replacement_sliding,20,checkpoint,crown,,0.1115
preloaded_replacement_sliding,20,maintain,crown,,0.5182
preloaded_replacement_sliding,20,query,crown,q1,0.8302
preloaded_replacement_sliding,20,query,crown,q2,4.4364
preloaded_replacement_sliding,20,query,crown,q3,1.1543
preloaded_replacement_sliding,20,query,crown,q4,0.0373
preloaded_replacement_sliding,25,staging,,,8.8261
preloaded_replacement_sliding,25,base_insert,,,4.1342
preloaded_replacement_sliding,25,base_delete,,,0.4362
preloaded_replacement_sliding,25,checkpoint,recompute,,0.6802
preloaded_replacement_sliding,25,query,recompute,q1,0.6391
preloaded_replacement_sliding,25,query,recompute,q2,1.7518
preloaded_replacement_sliding,25,query,recompute,q3,1.1545
preloaded_replacement_sliding,25,query,recompute,q4,0.0428
preloaded_replacement_sliding,25,checkpoint,logical_views,,0.1257
preloaded_replacement_sliding,25,query,logical_views,q1,0.7636
preloaded_replacement_sliding,25,query,logical_views,q2,1.7164
preloaded_replacement_sliding,25,query,logical_views,q3,1.0808
preloaded_replacement_sliding,25,query,logical_views,q4,0.044
preloaded_replacement_sliding,25,checkpoint,ivm,,0.1422
preloaded_replacement_sliding,25,maintain,ivm,,3.3043
preloaded_replacement_sliding,25,query,ivm,q1,1.3083
preloaded_replacement_sliding,25,query,ivm,q2,1.9242
preloaded_replacement_sliding,25,query,ivm,q3,1.0097
preloaded_replacement_sliding,25,query,ivm,q4,0.0407
preloaded_replacement_sliding,25,checkpoint,crown,,0.1293
preloaded_replacement_sliding,25,maintain,crown,,0.5261
preloaded_replacement_sliding,25,query,crown,q1,0.6707
preloaded_replacement_sliding,25,query,crown,q2,2.0509
preloaded_replacement_sliding,25,query,crown,q3,1.0334
preloaded_replacement_sliding,25,query,crown,q4,0.041
preloaded_replacement_sliding,30,staging,,,8.669
preloaded_replacement_sliding,30,base_insert,,,3.8641
preloaded_replacement_sliding,30,base_delete,,,0.3855
preloaded_replacement_sliding,30,checkpoint,recompute,,0.8492
preloaded_replacement_sliding,30,query,recompute,q1,0.6842
preloaded_replacement_sliding,30,query,recompute,q2,1.2933
preloaded_replacement_sliding,30,query,recompute,q3,1.3314
preloaded_replacement_sliding,30,query,recompute,q4,0.0504
preloaded_replacement_sliding,30,checkpoint,logical_views,,0.1409
preloaded_replacement_sliding,30,query,logical_views,q1,0.7952
preloaded_replacement_sliding,30,query,logical_views,q2,1.2126
preloaded_replacement_sliding,30,query,logical_views,q3,0.9776
preloaded_replacement_sliding,30,query,logical_views,q4,0.0417
preloaded_replacement_sliding,30,checkpoint,ivm,,0.1436
preloaded_replacement_sliding,30,maintain,ivm,,3.414
preloaded_replacement_sliding,30,query,ivm,q1,1.1331
preloaded_replacement_sliding,30,query,ivm,q2,2.0753
preloaded_replacement_sliding,30,query,ivm,q3,0.9187
preloaded_replacement_sliding,30,query,ivm,q4,0.0431
preloaded_replacement_sliding,30,checkpoint,crown,,0.1342
preloaded_replacement_sliding,30,maintain,crown,,0.516
preloaded_replacement_sliding,30,query,crown,q1,0.721
preloaded_replacement_sliding,30,query,crown,q2,1.6536
preloaded_replacement_sliding,30,query,crown,q3,0.8844
preloaded_replacement_sliding,30,query,crown,q4,0.0358
preloaded_replacement_sliding,35,staging,,,8.8324
preloaded_replacement_sliding,35,base_insert,,,3.3904
preloaded_replacement_sliding,35,base_delete,,,0.371
preloaded_replacement_sliding,35,checkpoint,recompute,,0.9371
preloaded_replacement_sliding,35,query,recompute,q1,0.6784
preloaded_replacement_sliding,35,query,recompute,q2,4.4177
preloaded_replacement_sliding,35,query,recompute,q3,0.9171
preloaded_replacement_sliding,35,query,recompute,q4,0.0599
preloaded_replacement_sliding,35,checkpoint,logical_views,,0.1507
preloaded_replacement_sliding,35,query,logical_views,q1,0.7573
preloaded_replacement_sliding,35,query,logical_views,q2,4.2066
preloaded_replacement_sliding,35,query,logical_views,q3,0.8376
preloaded_replacement_sliding,35,query,logical_views,q4,0.0498
preloaded_replacement_sliding,35,checkpoint,ivm,,0.1515
preloaded_replacement_sliding,35,maintain,ivm,,2.9882
preloaded_replacement_sliding,35,query,ivm,q1,1.1247
preloaded_replacement_sliding,35,query,ivm,q2,4.9513
preloaded_replacement_sliding,35,query,ivm,q3,0.9319
preloaded_replacement_sliding,35,query,ivm,q4,0.0427
preloaded_replacement_sliding,35,checkpoint,crown,,0.1544
preloaded_replacement_sliding,35,maintain,crown,,0.535
preloaded_replacement_sliding,35,query,crown,q1,0.7638
preloaded_replacement_sliding,35,query,crown,q2,4.8723
preloaded_replacement_sliding,35,query,crown,q3,0.7813
preloaded_replacement_sliding,35,query,crown,q4,0.0333
preloaded_replacement_sliding,40,staging,,,9.2961
preloaded_replacement_sliding,40,base_insert,,,4.3421
preloaded_replacement_sliding,40,base_delete,,,0.3867
preloaded_replacement_sliding,40,checkpoint,recompute,,0.9801
preloaded_replacement_sliding,40,query,recompute,q1,0.7031
preloaded_replacement_sliding,40,query,recompute,q2,1.2449
preloaded_replacement_sliding,40,query,recompute,q3,0.9688
preloaded_replacement_sliding,40,query,recompute,q4,0.0458
preloaded_replacement_sliding,40,checkpoint,logical_views,,0.1051
preloaded_replacement_sliding,40,query,logical_views,q1,0.7943
preloaded_replacement_sliding,40,query,logical_views,q2,1.2733
preloaded_replacement_sliding,40,query,logical_views,q3,0.7542
preloaded_replacement_sliding,40,query,logical_views,q4,0.0348
preloaded_replacement_sliding,40,checkpoint,ivm,,0.0651
preloaded_replacement_sliding,40,maintain,ivm,,2.986
preloaded_replacement_sliding,40,query,ivm,q1,1.0885
preloaded_replacement_sliding,40,query,ivm,q2,1.8833
preloaded_replacement_sliding,40,query,ivm,q3,0.6436
preloaded_replacement_sliding,40,query,ivm,q4,0.0486
preloaded_replacement_sliding,40,checkpoint,crown,,0.0995
preloaded_replacement_sliding,40,maintain,crown,,0.5406
preloaded_replacement_sliding,40,query,crown,q1,0.7379
preloaded_replacement_sliding,40,query,crown,q2,1.4898
preloaded_replacement_sliding,40,query,crown,q3,0.6695
preloaded_replacement_sliding,40,query,crown,q4,0.0523
preloaded_replacement_sliding,45,staging,,,8.796
preloaded_replacement_sliding,45,base_insert,,,3.599
preloaded_replacement_sliding,45,base_delete,,,0.35
preloaded_replacement_sliding,45,checkpoint,recompute,,0.8808
preloaded_replacement_sliding,45,query,recompute,q1,0.7032
preloaded_replacement_sliding,45,query,recompute,q2,3.9805
preloaded_replacement_sliding,45,query,recompute,q3,0.7116
preloaded_replacement_sliding,45,query,recompute,q4,0.0338
preloaded_replacement_sliding,45,checkpoint,logical_views,,0.12
preloaded_replacement_sliding,45,query,logical_views,q1,0.7709
preloaded_replacement_sliding,45,query,logical_views,q2,4.0371
preloaded_replacement_sliding,45,query,logical_views,q3,0.6367
preloaded_replacement_sliding,45,query,logical_views,q4,0.0407
preloaded_replacement_sliding,45,checkpoint,ivm,,0.1384
preloaded_replacement_sliding,45,maintain,ivm,,2.5815
preloaded_replacement_sliding,45,query,ivm,q1,0.9662
preloaded_replacement_sliding,45,query,ivm,q2,3.9349
preloaded_replacement_sliding,45,query,ivm,q3,0.5525
preloaded_replacement_sliding,45,query,ivm,q4,0.0366
preloaded_replacement_sliding,45,checkpoint,crown,,0.1481
preloaded_replacement_sliding,45,maintain,crown,,0.5187
preloaded_replacement_sliding,45,query,crown,q1,0.7447
preloaded_replacement_sliding,45,query,crown,q2,4.2907
preloaded_replacement_sliding,45,query,crown,q3,0.5998
preloaded_replacement_sliding,45,query,crown,q4,0.044
preloaded_replacement_sliding,50,staging,,,8.8682
preloaded_replacement_sliding,50,base_insert,,,4.6492
preloaded_replacement_sliding,50,base_delete,,,0.4979
preloaded_replacement_sliding,50,checkpoint,recompute,,0.9569
preloaded_replacement_sliding,50,query,recompute,q1,0.7977
preloaded_replacement_sliding,50,query,recompute,q2,1.25
preloaded_replacement_sliding,50,query,recompute,q3,0.633
preloaded_replacement_sliding,50,query,recompute,q4,0.0508
preloaded_replacement_sliding,50,checkpoint,logical_views,,0.1788
preloaded_replacement_sliding,50,query,logical_views,q1,0.8478
preloaded_replacement_sliding,50,query,logical_views,q2,1.2326
preloaded_replacement_sliding,50,query,logical_views,q3,0.5907
preloaded_replacement_sliding,50,query,logical_views,q4,0.0421
preloaded_replacement_sliding,50,checkpoint,ivm,,0.1873
preloaded_replacement_sliding,50,maintain,ivm,,2.9772
preloaded_replacement_sliding,50,query,ivm,q1,1.0457
preloaded_replacement_sliding,50,query,ivm,q2,1.2326
preloaded_replacement_sliding,50,query,ivm,q3,0.5841
preloaded_replacement_sliding,50,query,ivm,q4,0.0366
preloaded_replacement_sliding,50,checkpoint,crown,,0.162
preloaded_replacement_sliding,50,maintain,crown,,0.5138
preloaded_replacement_sliding,50,query,crown,q1,1.4021
preloaded_replacement_sliding,50,query,crown,q2,1.3137
preloaded_replacement_sliding,50,query,crown,q3,0.5203
preloaded_replacement_sliding,50,query,crown,q4,0.047
preloaded_replacement_sliding,55,staging,,,8.6096
preloaded_replacement_sliding,55,base_insert,,,4.1552
preloaded_replacement_sliding,55,base_delete,,,0.3697
preloaded_replacement_sliding,55,checkpoint,recompute,,1.0759
preloaded_replacement_sliding,55,query,recompute,q1,1.7645
preloaded_replacement_sliding,55,query,recompute,q2,1.276
preloaded_replacement_sliding,55,query,recompute,q3,0.6974
preloaded_replacement_sliding,55,query,recompute,q4,0.043
preloaded_replacement_sliding,55,checkpoint,logical_views,,0.069
preloaded_replacement_sliding,55,query,logical_views,q1,1.8795
preloaded_replacement_sliding,55,query,logical_views,q2,1.2004
preloaded_replacement_sliding,55,query,logical_views,q3,0.5796
preloaded_replacement_sliding,55,query,logical_views,q4,0.0421
preloaded_replacement_sliding,55,checkpoint,ivm,,0.1243
preloaded_replacement_sliding,55,maintain,ivm,,2.6763
preloaded_replacement_sliding,55,query,ivm,q1,2.5595
preloaded_replacement_sliding,55,query,ivm,q2,1.1878
preloaded_replacement_sliding,55,query,ivm,q3,0.4468
preloaded_replacement_sliding,55,query,ivm,q4,0.0418
preloaded_replacement_sliding,55,checkpoint,crown,,0.1096
preloaded_replacement_sliding,55,maintain,crown,,0.5381
preloaded_replacement_sliding,55,query,crown,q1,2.2987
preloaded_replacement_sliding,55,query,crown,q2,1.2173
preloaded_replacement_sliding,55,query,crown,q3,0.5619
preloaded_replacement_sliding,55,query,crown,q4,0.0504
preloaded_replacement_sliding,60,staging,,,8.697
preloaded_replacement_sliding,60,base_insert,,,4.7886
preloaded_replacement_sliding,60,base_delete,,,0.3936
preloaded_replacement_sliding,60,checkpoint,recompute,,1.1413
preloaded_replacement_sliding,60,query,recompute,q1,1.1334
preloaded_replacement_sliding,60,query,recompute,q2,4.0788
preloaded_replacement_sliding,60,query,recompute,q3,0.7346
preloaded_replacement_sliding,60,query,recompute,q4,0.0541
preloaded_replacement_sliding,60,checkpoint,logical_views,,0.1563
preloaded_replacement_sliding,60,query,logical_views,q1,1.2161
preloaded_replacement_sliding,60,query,logical_views,q2,4.1105
preloaded_replacement_sliding,60,query,logical_views,q3,0.6681
preloaded_replacement_sliding,60,query,logical_views,q4,0.0488
preloaded_replacement_sliding,60,checkpoint,ivm,,0.1651
preloaded_replacement_sliding,60,maintain,ivm,,2.8405
preloaded_replacement_sliding,60,query,ivm,q1,2.0767
preloaded_replacement_sliding,60,query,ivm,q2,4.111
preloaded_replacement_sliding,60,query,ivm,q3,0.5725
preloaded_replacement_sliding,60,query,ivm,q4,0.048
preloaded_replacement_sliding,60,checkpoint,crown,,0.1575
preloaded_replacement_sliding,60,maintain,crown,,0.5463
preloaded_replacement_sliding,60,query,crown,q1,1.6236
preloaded_replacement_sliding,60,query,crown,q2,4.2256
preloaded_replacement_sliding,60,query,crown,q3,0.6619
preloaded_replacement_sliding,60,query,crown,q4,0.0348
preloaded_replacement_sliding,65,staging,,,8.77
preloaded_replacement_sliding,65,base_insert,,,4.376
preloaded_replacement_sliding,65,base_delete,,,0.421
preloaded_replacement_sliding,65,checkpoint,recompute,,1.0353
preloaded_replacement_sliding,65,query,recompute,q1,1.5508
preloaded_replacement_sliding,65,query,recompute,q2,1.2102
preloaded_replacement_sliding,65,query,recompute,q3,0.7579
preloaded_replacement_sliding,65,query,recompute,q4,0.0404
preloaded_replacement_sliding,65,checkpoint,logical_views,,0.071
preloaded_replacement_sliding,65,query,logical_views,q1,1.6378
preloaded_replacement_sliding,65,query,logical_views,q2,1.089
preloaded_replacement_sliding,65,query,logical_views,q3,0.7157
preloaded_replacement_sliding,65,query,logical_views,q4,0.0251
preloaded_replacement_sliding,65,checkpoint,ivm,,0.1193
preloaded_replacement_sliding,65,maintain,ivm,,2.7509
preloaded_replacement_sliding,65,query,ivm,q1,2.7168
preloaded_replacement_sliding,65,query,ivm,q2,1.1399
preloaded_replacement_sliding,65,query,ivm,q3,0.5732
preloaded_replacement_sliding,65,query,ivm,q4,0.0413
preloaded_replacement_sliding,65,checkpoint,crown,,0.0741
preloaded_replacement_sliding,65,maintain,crown,,0.5557
preloaded_replacement_sliding,65,query,crown,q1,1.9515
preloaded_replacement_sliding,65,query,crown,q2,1.0742
preloaded_replacement_sliding,65,query,crown,q3,0.8006
preloaded_replacement_sliding,65,query,crown,q4,0.0386
preloaded_replacement_sliding,70,staging,,,8.9718
preloaded_replacement_sliding,70,base_insert,,,5.0024
preloaded_replacement_sliding,70,base_delete,,,0.3853
preloaded_replacement_sliding,70,checkpoint,recompute,,1.2269
preloaded_replacement_sliding,70,query,recompute,q1,2.0588
preloaded_replacement_sliding,70,query,recompute,q2,1.1551
preloaded_replacement_sliding,70,query,recompute,q3,0.8933
preloaded_replacement_sliding,70,query,recompute,q4,0.0392
preloaded_replacement_sliding,70,checkpoint,logical_views,,0.154
preloaded_replacement_sliding,70,query,logical_views,q1,2.2766
preloaded_replacement_sliding,70,query,logical_views,q2,1.0503
preloaded_replacement_sliding,70,query,logical_views,q3,0.8418
preloaded_replacement_sliding,70,query,logical_views,q4,0.0384
preloaded_replacement_sliding,70,checkpoint,ivm,,0.1869
preloaded_replacement_sliding,70,maintain,ivm,,3.1454
preloaded_replacement_sliding,70,query,ivm,q1,3.4074
preloaded_replacement_sliding,70,query,ivm,q2,1.1102
preloaded_replacement_sliding,70,query,ivm,q3,0.6543
preloaded_replacement_sliding,70,query,ivm,q4,0.0535
preloaded_replacement_sliding,70,checkpoint,crown,,0.1879
preloaded_replacement_sliding,70,maintain,crown,,0.5779
preloaded_replacement_sliding,70,query,crown,q1,3.0848
preloaded_replacement_sliding,70,query,crown,q2,1.061
preloaded_replacement_sliding,70,query,crown,q3,0.7877
preloaded_replacement_sliding,70,query,crown,q4,0.0371
preloaded_replacement_sliding,75,staging,,,8.6099
preloaded_replacement_sliding,75,base_insert,,,3.5112
preloaded_replacement_sliding,75,base_delete,,,0.399
preloaded_replacement_sliding,75,checkpoint,recompute,,1.1903
preloaded_replacement_sliding,75,query,recompute,q1,4.3098
preloaded_replacement_sliding,75,query,recompute,q2,1.1074
preloaded_replacement_sliding,75,query,recompute,q3,0.9189
preloaded_replacement_sliding,75,query,recompute,q4,0.0389
preloaded_replacement_sliding,75,checkpoint,logical_views,,0.2584
preloaded_replacement_sliding,75,query,logical_views,q1,4.7305
preloaded_replacement_sliding,75,query,logical_views,q2,1.0308
preloaded_replacement_sliding,75,query,logical_views,q3,0.8656
preloaded_replacement_sliding,75,query,logical_views,q4,0.0558
preloaded_replacement_sliding,75,checkpoint,ivm,,0.2565
preloaded_replacement_sliding,75,maintain,ivm,,2.6101
preloaded_replacement_sliding,75,query,ivm,q1,5.1916
preloaded_replacement_sliding,75,query,ivm,q2,0.9113
preloaded_replacement_sliding,75,query,ivm,q3,0.9309
preloaded_replacement_sliding,75,query,ivm,q4,0.0423
preloaded_replacement_sliding,75,checkpoint,crown,,0.2437
preloaded_replacement_sliding,75,maintain,crown,,0.5235
preloaded_replacement_sliding,75,query,crown,q1,4.9582
preloaded_replacement_sliding,75,query,crown,q2,1.1144
preloaded_replacement_sliding,75,query,crown,q3,1.0301
preloaded_replacement_sliding,75,query,crown,q4,0.0391
preloaded_replacement_sliding,80,staging,,,8.8887
preloaded_replacement_sliding,80,base_insert,,,4.1561
preloaded_replacement_sliding,80,base_delete,,,0.4035
preloaded_replacement_sliding,80,checkpoint,recompute,,0.8827
preloaded_replacement_sliding,80,query,recompute,q1,2.0592
preloaded_replacement_sliding,80,query,recompute,q2,0.8976
preloaded_replacement_sliding,80,query,recompute,q3,1.1565
preloaded_replacement_sliding,80,query,recompute,q4,0.0523
preloaded_replacement_sliding,80,checkpoint,logical_views,,0.2456
preloaded_replacement_sliding,80,query,logical_views,q1,2.7093
preloaded_replacement_sliding,80,query,logical_views,q2,0.8217
preloaded_replacement_sliding,80,query,logical_views,q3,1.1018
preloaded_replacement_sliding,80,query,logical_views,q4,0.0412
preloaded_replacement_sliding,80,checkpoint,ivm,,0.205
preloaded_replacement_sliding,80,maintain,ivm,,3.4689
preloaded_replacement_sliding,80,query,ivm,q1,3.6724
preloaded_replacement_sliding,80,query,ivm,q2,0.8365
preloaded_replacement_sliding,80,query,ivm,q3,0.9616
preloaded_replacement_sliding,80,query,ivm,q4,0.0552
preloaded_replacement_sliding,80,checkpoint,crown,,0.3119
preloaded_replacement_sliding,80,maintain,crown,,0.5264
preloaded_replacement_sliding,80,query,crown,q1,3.1081
preloaded_replacement_sliding,80,query,crown,q2,0.7593
preloaded_replacement_sliding,80,query,crown,q3,1.0537
preloaded_replacement_sliding,80,query,crown,q4,0.0385
preloaded_replacement_sliding,85,staging,,,8.7521
preloaded_replacement_sliding,85,base_insert,,,4.2051
preloaded_replacement_sliding,85,base_delete,,,0.4284
preloaded_replacement_sliding,85,checkpoint,recompute,,0.9731
preloaded_replacement_sliding,85,query,recompute,q1,4.2037
preloaded_replacement_sliding,85,query,recompute,q2,0.8586
preloaded_replacement_sliding,85,query,recompute,q3,1.3007
preloaded_replacement_sliding,85,query,recompute,q4,0.0377
preloaded_replacement_sliding,85,checkpoint,logical_views,,0.3113
preloaded_replacement_sliding,85,query,logical_views,q1,5.0887
preloaded_replacement_sliding,85,query,logical_views,q2,0.8669
preloaded_replacement_sliding,85,query,logical_views,q3,1.1273
preloaded_replacement_sliding,85,query,logical_views,q4,0.0429
preloaded_replacement_sliding,85,checkpoint,ivm,,0.3118
preloaded_replacement_sliding,85,maintain,ivm,,3.8749
preloaded_replacement_sliding,85,query,ivm,q1,6.0692
preloaded_replacement_sliding,85,query,ivm,q2,0.7993
preloaded_replacement_sliding,85,query,ivm,q3,1.0765
preloaded_replacement_sliding,85,query,ivm,q4,0.0529
preloaded_replacement_sliding,85,checkpoint,crown,,0.3354
preloaded_replacement_sliding,85,maintain,crown,,0.5486
preloaded_replacement_sliding,85,query,crown,q1,5.5252
preloaded_replacement_sliding,85,query,crown,q2,0.7912
preloaded_replacement_sliding,85,query,crown,q3,1.078
preloaded_replacement_sliding,85,query,crown,q4,0.0329
preloaded_replacement_sliding,90,staging,,,8.9574
preloaded_replacement_sliding,90,base_insert,,,3.3203
preloaded_replacement_sliding,90,base_delete,,,0.3659
preloaded_replacement_sliding,90,checkpoint,recompute,,0.8464
preloaded_replacement_sliding,90,query,recompute,q1,1.8825
preloaded_replacement_sliding,90,query,recompute,q2,0.8543
preloaded_replacement_sliding,90,query,recompute,q3,1.3397
preloaded_replacement_sliding,90,query,recompute,q4,0.0456
preloaded_replacement_sliding,90,checkpoint,logical_views,,0.285
preloaded_replacement_sliding,90,query,logical_views,q1,2.8557
preloaded_replacement_sliding,90,query,logical_views,q2,0.8112
preloaded_replacement_sliding,90,query,logical_views,q3,1.3712
preloaded_replacement_sliding,90,query,logical_views,q4,0.0366
preloaded_replacement_sliding,90,checkpoint,ivm,,0.2875
preloaded_replacement_sliding,90,maintain,ivm,,4.2321
preloaded_replacement_sliding,90,query,ivm,q1,3.9267
preloaded_replacement_sliding,90,query,ivm,q2,0.802
preloaded_replacement_sliding,90,query,ivm,q3,0.9698
preloaded_replacement_sliding,90,query,ivm,q4,0.047
preloaded_replacement_sliding,90,checkpoint,crown,,0.2963
preloaded_replacement_sliding,90,maintain,crown,,0.5729
preloaded_replacement_sliding,90,query,crown,q1,3.2058
preloaded_replacement_sliding,90,query,crown,q2,0.8181
preloaded_replacement_sliding,90,query,crown,q3,1.1194
preloaded_replacement_sliding,90,query,crown,q4,0.0476
preloaded_replacement_sliding,95,staging,,,8.8124
preloaded_replacement_sliding,95,base_insert,,,4.2401
preloaded_replacement_sliding,95,base_delete,,,0.4681
preloaded_replacement_sliding,95,checkpoint,recompute,,0.9282
preloaded_replacement_sliding,95,query,recompute,q1,4.4339
preloaded_replacement_sliding,95,query,recompute,q2,0.813
preloaded_replacement_sliding,95,query,recompute,q3,1.8083
preloaded_replacement_sliding,95,query,recompute,q4,0.0525
preloaded_replacement_sliding,95,checkpoint,logical_views,,0.6335
preloaded_replacement_sliding,95,query,logical_views,q1,5.7556
preloaded_replacement_sliding,95,query,logical_views,q2,0.8082
preloaded_replacement_sliding,95,query,logical_views,q3,1.5141
preloaded_replacement_sliding,95,query,logical_views,q4,0.0469
preloaded_replacement_sliding,95,checkpoint,ivm,,0.6337
preloaded_replacement_sliding,95,maintain,ivm,,4.4377
preloaded_replacement_sliding,95,query,ivm,q1,5.2531
preloaded_replacement_sliding,95,query,ivm,q2,0.7615
preloaded_replacement_sliding,95,query,ivm,q3,1.5392
preloaded_replacement_sliding,95,query,ivm,q4,0.0489
preloaded_replacement_sliding,95,checkpoint,crown,,1.387
preloaded_replacement_sliding,95,maintain,crown,,0.5377
preloaded_replacement_sliding,95,query,crown,q1,6.2842
preloaded_replacement_sliding,95,query,crown,q2,0.7871
preloaded_replacement_sliding,95,query,crown,q3,1.4487
preloaded_replacement_sliding,95,query,crown,q4,0.0413
preloaded_replacement_sliding,100,staging,,,9.0958
preloaded_replacement_sliding,100,base_insert,,,4.3727
preloaded_replacement_sliding,100,base_delete,,,0.3824
preloaded_replacement_sliding,100,checkpoint,recompute,,0.7096
preloaded_replacement_sliding,100,query,recompute,q1,4.1533
preloaded_replacement_sliding,100,query,recompute,q2,0.8402
preloaded_replacement_sliding,100,query,recompute,q3,1.7174
preloaded_replacement_sliding,100,query,recompute,q4,0.0414
preloaded_replacement_sliding,100,checkpoint,logical_views,,0.1664
preloaded_replacement_sliding,100,query,logical_views,q1,5.4947
preloaded_replacement_sliding,100,query,logical_views,q2,0.7427
preloaded_replacement_sliding,100,query,logical_views,q3,1.7951
preloaded_replacement_sliding,100,query,logical_views,q4,0.0385
preloaded_replacement_sliding,100,checkpoint,ivm,,0.1835
preloaded_replacement_sliding,100,maintain,ivm,,4.6299
preloaded_replacement_sliding,100,query,ivm,q1,5.061
preloaded_replacement_sliding,100,query,ivm,q2,0.7483
preloaded_replacement_sliding,100,query,ivm,q3,1.4146
preloaded_replacement_sliding,100,query,ivm,q4,0.0386
preloaded_replacement_sliding,100,checkpoint,crown,,0.1474
preloaded_replacement_sliding,100,maintain,crown,,0.522
preloaded_replacement_sliding,100,query,crown,q1,5.9481
preloaded_replacement_sliding,100,query,crown,q2,0.7531
preloaded_replacement_sliding,100,query,crown,q3,1.626
preloaded_replacement_sliding,100,query,crown,q4,0.0407
